{"cameraMode":{"drawMode":0,"name":"Shaded","section":"Shading Mode"},"sceneLighting":false,"audioPlay":false,"sceneViewState":{"showFog":true,"showMaterialUpdate":false,"showSkybox":false,"showFlares":true,"showImageEffects":true,"showParticleSystems":true},"in2DMode":false,"pivot":{"x":0.3280251622200012,"y":0.6907070279121399,"z":0.05355525016784668},"rotation":{"x":-0.037735167890787128,"y":0.9538627862930298,"z":-0.13569298386573792,"w":-0.26522088050842287},"size":1.3776087760925294,"orthographic":false}